時間範圍,發言者,內容摘要,聲音特徵
00:00-00:25,陳致澄教授,在做所謂的政治班級或者是原班上課的時候,有沒有因為這樣的計劃而有不同的策略,因為彼此大家,我相信每個學校的策略都在校,所以我們或許可以透過這個方式,可以把別人的學回去,那這樣的話可能就會讓大家能夠互相學習一些我們沒有想到的方來做這樣。,普通話
00:25-00:38,陳致澄教授,那所以我們今天大概就是用這四個,三個把完成,我這幾個我自己都在想的,所以我花我花時間去思考,那,普通話
00:38-00:58,陳致澄教授,為什麼會選擇這幾方面說,或許我們每一個人都是想到一點點,但是我們每一個人加起來之後,其實就會有很多很多不同的工作的一些成就,所以可能是我們在過程中的困境,不過點,那這也是值得我們學習,或者我們有什麼特色,或許,普通話
00:58-01:08,陳致澄教授,那第二節呢,我就希望說,在五月的時候,就會有補助內稿,以及篩選測驗的實習,這是全部大選測驗的,普通話
01:08-01:24,陳致澄教授,但是這樣的過程中,我們從教育的視體上,也發現到他跟國小的視,國小所學習的內容,大概26題的選擇題當中,都會有大概八題到12題左右是有關於的,普通話
01:24-01:50,陳致澄教授,所以我們過去曾經分享過中小學之間,然後從大數據看到,篩選測驗在八年級,如果說沒有在好好去針對這些學生去做所謂的幫他強化時候,其實他到了普通內考,每個學校,他的八年級實施結果,再加上百分之大概就是每個學校的C的對的百分比,普通話
01:50-02:06,陳致澄教授,所以說我們看到有些成功的學校,他控制的所謂的六到七,原本收到學生有40幾八的同學是沒,可是經過他們的努力之後,到了九年級的會剩下20幾,普通話
02:06-02:22,陳致澄教授,所以其實我們也看到歷志的一個過程,一個結果,那所以我們就篩選測驗跟教育會考之間到底有什麼樣的關聯性,然後從事體上我們出什麼脈絡,那我們就曉得這樣的方式老師知道,普通話
02:22-02:54,陳致澄教授,那第三個當然就是回到下學期上課的時候,我們可能有一些國新的概念是應該從以往的大型測驗當中看到學在這裡是跌倒的,或者是學在這裡總是都過低,那我們是不是可以從這個過程當中預先知道,然後用過去的經驗來告訴我們現在教學,下學期教學,哪些核心概念是我們應該要去跟老師們,應該要去把跟學生把它建構,普通話
02:54-03:08,陳致澄教授,那所以這樣三的規劃,也是希望老師們上學期,到這個學期,都能夠比較順利,而且有新想法來幫助我們在教學上有一些成長這樣,普通話
03:08-03:18,陳致澄教授,那首先到第一個,我介紹一下,因為我都是就是花了大的,只是我花大自己經驗的老師,然後,普通話
03:18-03:35,陳致澄教授,他們可以來聽聽各位的分享,然後或許他們過去曾經看過時期,或許自己曾經實習過,或許自己是老師,那他們會有一些工收的經驗,那或許可以再提供給各位一些建議跟想法,普通話
03:35-03:44,陳致澄教授,所以這兩個小時,那可是我們的學生,我介紹我的老師們,第一個是大的的,普通話
03:44-03:49,陳致澄教授,那是,那是我下學期的,普通話
03:49-03:58,陳致澄教授,那第二個,早他從台中過來,所以他他的飛機可能要在20分20左右到,普通話
03:58-04:01,陳致澄教授,那再過來是老師,老師,普通話
04:01-04:04,陳致澄教授,(掌聲),普通話
04:04-04:26,陳致澄教授,那接下來呢,這兩位應該是跟我,我們合作研究,然後可能老師們如果有注意到我們在世大有一些語課程,等一下我們會有一個叫後掃描,我們現在做了七年級,八年級,九年級,還有小間的課程,那也都幫我們出書了,那這裡面你,普通話
04:26-04:35,陳致澄教授,你就可以下來,你可以帶到去做,那我們的老師,一個是會,老師,普通話
04:35-04:36,陳致澄教授,(掌聲),普通話
04:36-04:44,陳致澄教授,然後接下來是他是中小學的老師,因為他現在在調到發展處了,好,普通話
04:44-05:00,陳致澄教授,那我想時間很寶貴,用兩個小時,所以其實我們的,這是上次的作業,我相信各位收到研習資料的時候,這張又會有重的影響,然後我為了標黃色呢,這不是,這是學校的,普通話
05:00-05:12,陳致澄教授,因為其實我們在後來就是我在教師的帶領這個計劃作業當中呢,每個縣市其實大概平均會有三三個學校會通過,普通話
05:12-05:37,陳致澄教授,那所以說這樣的過程裡面,當然我或許可以,第一個就是我跟同縣的同縣的學校去拼,我拼寫的國語的,那有些學校有些縣市可寫的不理想,那他們也會讓出來,給比較比較寫的較好的縣市去,所以說其實有一定保障,個縣市都有,然後如果真的不好,那就是給寫的較好縣市,普通話
05:37-05:44,陳致澄教授,那既然有珍貴的一些資源,因為一個老師的代表是一個新的不少,普通話
05:44-05:55,陳致澄教授,那所以我們就希望說,透過這個過程裡面,教育局教育局知道,到底有些比較好的學校他做過什麼,然後有沒有什麼亮點可以提出來的,那我就就是,第一個是比較,去年我不說,普通話
05:55-06:11,陳致澄教授,所以我們或許我們就收到這樣的音,目的是透過很迅速的一個image,然後我們看到說,每一個學校他有什麼樣的一個亮點出來,普通話
06:11-06:29,陳致澄教授,那課程規劃,其實我用這個來說,就是,他收集的,我在裡面收集的資料這兩個內容,他可以透過這個方式自己就是做2.5分鐘左右的,目的是我們就可以很快的過這樣的一個教學歷程,普通話
06:29-06:49,陳致澄教授,那第二個第二個是課程規劃,其實是每個學校當初在做所謂的那個計劃的時候,應該可能就會有,但是畢竟這是一個修正,當你要開始做教學的時候,你就會去檢視重新檢視,到底我當時規劃是什麼,所以我們希望老師們可以考慮到學生,普通話
06:49-07:12,陳致澄教授,在五月份三年的結果來搭配你現在教學階段,比如說我現在教九年級,我可以看他八年級的生期的結果,來看看他我在九年級教的這個單是不是跟八年級七年級有關係,那我就把這樣的一個上課把這樣的一個知識複習好,再再做教學,普通話
07:12-07:41,陳致澄教授,所以教學,規劃表,其實也有示範出來一生成,就是說,我如果能夠把就是三年的結果當下來之後,放在我們設計裡面,它就會生成出他可以去跟現在的學習搭配的一個規劃出來,所以當學生能夠這樣的一個學習的時候,或許就能夠從他的跌倒的地方開始往上走,普通話
07:41-08:19,陳致澄教授,那第三個是學習效,目的就是說,我自己這半年來,就是我看的那些數位融入的一些研習跟所謂的分享會,那我就發現到他們都會捕捉到一些孩子在學習的過程當中比較動動或者是比較有張力的一些照片,那我們希望說能夠看到各個學校是不是有因為像政治班節的學生會比較少一點,那會學的比較自在點,然後把最後是一個章力的一個不教學,然後說,所以,普通話
08:19-08:24,陳致澄教授,這個地方其實我們沒有那麼大的一個要求,但是我們說你會參考,普通話
08:24-08:48,陳致澄教授,那我們這兩個小時,其實大概就是會有一些學校,然後有些學校都有教了,那有些學校比較比較沒有沒有完全,因為你好像是去年的那個那個什麼,測驗,所以他們沒有參加這次的那個測驗研習,所以比較不知道,普通話
08:48-09:00,陳致澄教授,那國中據我所知,我上在,普通話
09:00-09:01,陳致澄教授,沒有教,普通話
09:01-09:06,陳致澄教授,那剩下的學校都教了,那所以我們就按照這樣順序來跟各位分享,普通話
09:06-09:13,陳致澄教授,那我想起請一下國中到,那老師您第一張來,普通話
09:13-09:24,陳致澄教授,那等一下我們就請平均我學校大概五到六分鐘,大概禮拜的介紹,那你這邊可以到,普通話
09:24-09:40,陳致澄教授,所以你就進去,你可以跟我們說一下,你可以透過的方式來說,要怎麼進行,那大概有五分鐘左右跟我們分享一下,這三個這三個類型的內容上,會效是怎麼來做的,那,普通話
09:40-09:50,陳致澄教授,大家都有報完之後呢,我們就會請我們的老師跟來提供給一些經驗跟分享,這樣好,普通話
09:50-09:55,陳致澄教授,拜託你哦,好老師,普通話
09:55-09:58,陳致澄教授,好來,普通話
09:58-10:02,陳致澄教授,普通話
10:02-10:09,陳致澄教授,上傳資料我洗到,所以可以,普通話
10:09-